-- MariaDB dump 10.19  Distrib 10.10.2-MariaDB, for osx10.18 (arm64)
--
-- Host: localhost    Database: swimdb
-- ------------------------------------------------------
-- Server version	10.10.2-MariaDB

/*!40101 SET @OLD_CHARACTER_SET_CLIENT=@@CHARACTER_SET_CLIENT */;
/*!40101 SET @OLD_CHARACTER_SET_RESULTS=@@CHARACTER_SET_RESULTS */;
/*!40101 SET @OLD_COLLATION_CONNECTION=@@COLLATION_CONNECTION */;
/*!40101 SET NAMES utf8mb4 */;
/*!40103 SET @OLD_TIME_ZONE=@@TIME_ZONE */;
/*!40103 SET TIME_ZONE='+00:00' */;
/*!40014 SET @OLD_UNIQUE_CHECKS=@@UNIQUE_CHECKS, UNIQUE_CHECKS=0 */;
/*!40014 SET @OLD_FOREIGN_KEY_CHECKS=@@FOREIGN_KEY_CHECKS, FOREIGN_KEY_CHECKS=0 */;
/*!40101 SET @OLD_SQL_MODE=@@SQL_MODE, SQL_MODE='NO_AUTO_VALUE_ON_ZERO' */;
/*!40111 SET @OLD_SQL_NOTES=@@SQL_NOTES, SQL_NOTES=0 */;

--
-- Table structure for table `events`
--

DROP TABLE IF EXISTS `events`;
/*!40101 SET @saved_cs_client     = @@character_set_client */;
/*!40101 SET character_set_client = utf8 */;
CREATE TABLE `events` (
  `id` int(11) NOT NULL AUTO_INCREMENT,
  `distance` varchar(16) NOT NULL,
  `stroke` varchar(16) NOT NULL,
  PRIMARY KEY (`id`)
) ENGINE=InnoDB AUTO_INCREMENT=15 DEFAULT CHARSET=utf8mb4 COLLATE=utf8mb4_general_ci;
/*!40101 SET character_set_client = @saved_cs_client */;

--
-- Dumping data for table `events`
--

LOCK TABLES `events` WRITE;
/*!40000 ALTER TABLE `events` DISABLE KEYS */;
INSERT INTO `events` VALUES
(1,'100m','Free'),
(2,'100m','Back'),
(3,'100m','Fly'),
(4,'50m','Back'),
(5,'200m','Free'),
(6,'200m','Back'),
(7,'50m','Free'),
(8,'50m','Breast'),
(9,'200m','IM'),
(10,'100m','Breast'),
(11,'400m','Free'),
(12,'50m','Fly'),
(13,'200m','Breast'),
(14,'100m','IM');
/*!40000 ALTER TABLE `events` ENABLE KEYS */;
UNLOCK TABLES;

--
-- Table structure for table `swimmers`
--

DROP TABLE IF EXISTS `swimmers`;
/*!40101 SET @saved_cs_client     = @@character_set_client */;
/*!40101 SET character_set_client = utf8 */;
CREATE TABLE `swimmers` (
  `id` int(11) NOT NULL AUTO_INCREMENT,
  `name` varchar(32) NOT NULL,
  `age` int(11) NOT NULL,
  PRIMARY KEY (`id`)
) ENGINE=InnoDB AUTO_INCREMENT=85 DEFAULT CHARSET=utf8mb4 COLLATE=utf8mb4_general_ci;
/*!40101 SET character_set_client = @saved_cs_client */;

--
-- Dumping data for table `swimmers`
--

LOCK TABLES `swimmers` WRITE;
/*!40000 ALTER TABLE `swimmers` DISABLE KEYS */;
INSERT INTO `swimmers` VALUES
(62,'Hannah',13),
(63,'Darius',13),
(64,'Owen',15),
(65,'Mike',15),
(66,'Abi',10),
(67,'Ruth',13),
(68,'Tasmin',15),
(69,'Erika',15),
(70,'Maria',9),
(71,'Elba',14),
(72,'Ali',12),
(73,'Chris',17),
(74,'Aurora',13),
(75,'Katie',9),
(76,'Alison',14),
(77,'Emma',13),
(78,'Calvin',9),
(79,'Blake',15),
(80,'Bill',18),
(81,'Dave',17),
(82,'Lizzie',14),
(83,'Carl',15),
(84,'Darius',8);
/*!40000 ALTER TABLE `swimmers` ENABLE KEYS */;
UNLOCK TABLES;

--
-- Table structure for table `times`
--

DROP TABLE IF EXISTS `times`;
/*!40101 SET @saved_cs_client     = @@character_set_client */;
/*!40101 SET character_set_client = utf8 */;
CREATE TABLE `times` (
  `swimmer_id` int(11) NOT NULL,
  `event_id` int(11) NOT NULL,
  `time` varchar(16) NOT NULL,
  `ts` timestamp NULL DEFAULT current_timestamp()
) ENGINE=InnoDB DEFAULT CHARSET=utf8mb4 COLLATE=utf8mb4_general_ci;
/*!40101 SET character_set_client = @saved_cs_client */;

--
-- Dumping data for table `times`
--

LOCK TABLES `times` WRITE;
/*!40000 ALTER TABLE `times` DISABLE KEYS */;
INSERT INTO `times` VALUES
(62,1,'1:21.43','2023-01-13 20:11:34'),
(62,1,'1:21.40','2023-01-13 20:11:34'),
(62,1,'1:21.62','2023-01-13 20:11:34'),
(62,1,'1:25.38','2023-01-13 20:11:34'),
(63,2,'1:22.57','2023-01-13 20:11:34'),
(63,2,'1:29.64','2023-01-13 20:11:34'),
(63,2,'1:20.39','2023-01-13 20:11:34'),
(63,2,'1:23.83','2023-01-13 20:11:34'),
(64,1,'1:15.57','2023-01-13 20:11:34'),
(64,1,'1:14.40','2023-01-13 20:11:34'),
(64,1,'1:19.82','2023-01-13 20:11:34'),
(64,1,'1:12.90','2023-01-13 20:11:34'),
(65,1,'1:02.52','2023-01-13 20:11:34'),
(65,1,'1:02.56','2023-01-13 20:11:34'),
(65,1,'1:06.41','2023-01-13 20:11:34'),
(65,1,'1:07.08','2023-01-13 20:11:34'),
(65,1,'1:02.56','2023-01-13 20:11:34'),
(65,1,'1:03.23','2023-01-13 20:11:34'),
(65,1,'1:04.54','2023-01-13 20:11:34'),
(62,2,'1:35.75','2023-01-13 20:11:34'),
(62,2,'1:32.78','2023-01-13 20:11:34'),
(62,2,'1:34.01','2023-01-13 20:11:34'),
(62,2,'1:32.57','2023-01-13 20:11:34'),
(65,2,'1:19.23','2023-01-13 20:11:34'),
(65,2,'1:13.70','2023-01-13 20:11:34'),
(65,2,'1:13.96','2023-01-13 20:11:34'),
(65,2,'1:15.94','2023-01-13 20:11:34'),
(65,3,'1:14.55','2023-01-13 20:11:34'),
(65,3,'1:14.15','2023-01-13 20:11:34'),
(65,3,'1:08.38','2023-01-13 20:11:34'),
(65,3,'1:08.74','2023-01-13 20:11:34'),
(65,3,'1:10.89','2023-01-13 20:11:34'),
(65,3,'1:09.47','2023-01-13 20:11:34'),
(65,3,'1:09.52','2023-01-13 20:11:34'),
(65,3,'1:09.86','2023-01-13 20:11:34'),
(65,3,'1:09.83','2023-01-13 20:11:34'),
(66,4,'41.50','2023-01-13 20:11:34'),
(66,4,'43.58','2023-01-13 20:11:34'),
(66,4,'42.35','2023-01-13 20:11:34'),
(66,4,'43.35','2023-01-13 20:11:34'),
(66,4,'39.85','2023-01-13 20:11:34'),
(66,4,'40.53','2023-01-13 20:11:34'),
(66,4,'42.14','2023-01-13 20:11:34'),
(66,4,'39.18','2023-01-13 20:11:34'),
(66,4,'40.89','2023-01-13 20:11:34'),
(66,4,'40.89','2023-01-13 20:11:34'),
(67,5,'2:22.64','2023-01-13 20:11:34'),
(67,5,'2:28.16','2023-01-13 20:11:34'),
(67,5,'2:28.38','2023-01-13 20:11:34'),
(67,5,'2:25.08','2023-01-13 20:11:34'),
(67,5,'2:25.64','2023-01-13 20:11:34'),
(67,5,'2:33.58','2023-01-13 20:11:34'),
(68,2,'1:19.63','2023-01-13 20:11:34'),
(68,2,'1:16.69','2023-01-13 20:11:34'),
(68,2,'1:19.68','2023-01-13 20:11:34'),
(68,2,'1:16.56','2023-01-13 20:11:34'),
(69,1,'1:19.04','2023-01-13 20:11:34'),
(69,1,'1:15.88','2023-01-13 20:11:34'),
(69,1,'1:18.62','2023-01-13 20:11:34'),
(69,1,'1:21.74','2023-01-13 20:11:34'),
(67,6,'2:56.68','2023-01-13 20:11:34'),
(67,6,'2:42.63','2023-01-13 20:11:34'),
(67,6,'2:40.90','2023-01-13 20:11:34'),
(67,6,'2:42.88','2023-01-13 20:11:34'),
(67,6,'2:46.09','2023-01-13 20:11:34'),
(66,7,'39.07','2023-01-13 20:11:34'),
(66,7,'37.66','2023-01-13 20:11:34'),
(66,7,'36.13','2023-01-13 20:11:34'),
(66,7,'39.42','2023-01-13 20:11:34'),
(70,7,'45.75','2023-01-13 20:11:34'),
(70,7,'41.62','2023-01-13 20:11:34'),
(70,7,'40.49','2023-01-13 20:11:34'),
(70,7,'41.00','2023-01-13 20:11:34'),
(71,1,'1:06.01','2023-01-13 20:11:34'),
(71,1,'1:06.93','2023-01-13 20:11:34'),
(71,1,'1:05.34','2023-01-13 20:11:34'),
(71,1,'1:06.10','2023-01-13 20:11:34'),
(68,1,'1:08.87','2023-01-13 20:11:34'),
(68,1,'1:07.34','2023-01-13 20:11:34'),
(68,1,'1:11.00','2023-01-13 20:11:34'),
(68,1,'1:08.62','2023-01-13 20:11:34'),
(68,1,'1:10.94','2023-01-13 20:11:34'),
(68,1,'1:09.52','2023-01-13 20:11:34'),
(68,1,'1:12.04','2023-01-13 20:11:34'),
(68,1,'1:10.91','2023-01-13 20:11:34'),
(66,2,'1:31.59','2023-01-13 20:11:34'),
(66,2,'1:26.55','2023-01-13 20:11:34'),
(66,2,'1:28.75','2023-01-13 20:11:34'),
(66,2,'1:39.79','2023-01-13 20:11:34'),
(66,2,'1:32.37','2023-01-13 20:11:34'),
(66,8,'48.08','2023-01-13 20:11:34'),
(66,8,'53.17','2023-01-13 20:11:34'),
(66,8,'45.76','2023-01-13 20:11:34'),
(66,8,'49.28','2023-01-13 20:11:34'),
(66,8,'52.85','2023-01-13 20:11:34'),
(66,8,'46.19','2023-01-13 20:11:34'),
(66,8,'47.76','2023-01-13 20:11:34'),
(66,8,'48.83','2023-01-13 20:11:34'),
(66,8,'45.71','2023-01-13 20:11:34'),
(66,8,'47.76','2023-01-13 20:11:34'),
(65,9,'2:48.05','2023-01-13 20:11:34'),
(65,9,'2:44.03','2023-01-13 20:11:34'),
(65,9,'2:38.93','2023-01-13 20:11:34'),
(65,9,'2:54.86','2023-01-13 20:11:34'),
(72,2,'1:36.54','2023-01-13 20:11:34'),
(72,2,'1:39.10','2023-01-13 20:11:34'),
(72,2,'1:39.45','2023-01-13 20:11:34'),
(72,2,'1:42.87','2023-01-13 20:11:34'),
(67,2,'1:17.16','2023-01-13 20:11:34'),
(67,2,'1:16.65','2023-01-13 20:11:34'),
(67,2,'1:23.11','2023-01-13 20:11:34'),
(67,2,'1:14.37','2023-01-13 20:11:34'),
(67,2,'1:18.16','2023-01-13 20:11:34'),
(67,2,'1:18.28','2023-01-13 20:11:34'),
(67,2,'1:16.87','2023-01-13 20:11:34'),
(67,2,'1:17.37','2023-01-13 20:11:34'),
(67,2,'1:20.46','2023-01-13 20:11:34'),
(73,2,'1:21.76','2023-01-13 20:11:34'),
(73,2,'1:23.32','2023-01-13 20:11:34'),
(73,2,'1:24.09','2023-01-13 20:11:34'),
(73,2,'1:21.51','2023-01-13 20:11:34'),
(72,1,'1:27.31','2023-01-13 20:11:34'),
(72,1,'1:27.00','2023-01-13 20:11:34'),
(72,1,'1:27.46','2023-01-13 20:11:34'),
(72,1,'1:22.50','2023-01-13 20:11:34'),
(72,1,'1:20.39','2023-01-13 20:11:34'),
(72,1,'1:26.04','2023-01-13 20:11:34'),
(72,1,'1:20.22','2023-01-13 20:11:34'),
(63,10,'1:30.24','2023-01-13 20:11:34'),
(63,10,'1:33.18','2023-01-13 20:11:34'),
(63,10,'1:32.73','2023-01-13 20:11:34'),
(63,10,'1:33.05','2023-01-13 20:11:34'),
(63,10,'1:30.81','2023-01-13 20:11:34'),
(63,10,'1:31.74','2023-01-13 20:11:34'),
(63,10,'1:31.53','2023-01-13 20:11:34'),
(63,10,'1:33.05','2023-01-13 20:11:34'),
(67,1,'1:07.99','2023-01-13 20:11:34'),
(67,1,'1:11.87','2023-01-13 20:11:34'),
(67,1,'1:11.08','2023-01-13 20:11:34'),
(67,1,'1:09.75','2023-01-13 20:11:34'),
(74,7,'30.05','2023-01-13 20:11:34'),
(74,7,'30.21','2023-01-13 20:11:34'),
(74,7,'28.86','2023-01-13 20:11:34'),
(74,7,'30.65','2023-01-13 20:11:34'),
(74,7,'30.03','2023-01-13 20:11:34'),
(74,7,'29.64','2023-01-13 20:11:34'),
(74,7,'29.82','2023-01-13 20:11:34'),
(75,10,'1:50.10','2023-01-13 20:11:34'),
(75,10,'1:47.12','2023-01-13 20:11:34'),
(75,10,'1:54.65','2023-01-13 20:11:34'),
(75,10,'1:51.03','2023-01-13 20:11:34'),
(76,10,'1:34.71','2023-01-13 20:11:34'),
(76,10,'1:37.87','2023-01-13 20:11:34'),
(76,10,'1:35.15','2023-01-13 20:11:34'),
(76,10,'1:37.20','2023-01-13 20:11:34'),
(76,10,'1:36.29','2023-01-13 20:11:34'),
(76,10,'1:36.00','2023-01-13 20:11:34'),
(76,10,'1:35.63','2023-01-13 20:11:34'),
(76,10,'1:35.42','2023-01-13 20:11:34'),
(76,10,'1:42.01','2023-01-13 20:11:34'),
(67,11,'5:11.32','2023-01-13 20:11:34'),
(67,11,'5:04.12','2023-01-13 20:11:34'),
(67,11,'5:20.67','2023-01-13 20:11:34'),
(67,11,'5:08.31','2023-01-13 20:11:34'),
(67,11,'5:04.32','2023-01-13 20:11:34'),
(67,11,'5:06.77','2023-01-13 20:11:34'),
(67,11,'5:13.01','2023-01-13 20:11:34'),
(77,1,'1:32.21','2023-01-13 20:11:34'),
(77,1,'1:33.68','2023-01-13 20:11:34'),
(77,1,'1:34.10','2023-01-13 20:11:34'),
(77,1,'1:28.57','2023-01-13 20:11:34'),
(78,12,'39.47','2023-01-13 20:11:34'),
(78,12,'37.30','2023-01-13 20:11:34'),
(78,12,'41.90','2023-01-13 20:11:34'),
(78,12,'42.85','2023-01-13 20:11:34'),
(78,12,'39.90','2023-01-13 20:11:34'),
(78,12,'38.66','2023-01-13 20:11:34'),
(78,12,'38.84','2023-01-13 20:11:34'),
(78,12,'37.65','2023-01-13 20:11:34'),
(78,12,'39.68','2023-01-13 20:11:34'),
(78,12,'37.18','2023-01-13 20:11:34'),
(78,12,'43.61','2023-01-13 20:11:34'),
(63,3,'1:27.95','2023-01-13 20:11:34'),
(63,3,'1:21.07','2023-01-13 20:11:34'),
(63,3,'1:30.96','2023-01-13 20:11:34'),
(63,3,'1:23.22','2023-01-13 20:11:34'),
(63,3,'1:27.95','2023-01-13 20:11:34'),
(63,3,'1:28.30','2023-01-13 20:11:34'),
(65,5,'2:19.77','2023-01-13 20:11:34'),
(65,5,'2:41.57','2023-01-13 20:11:34'),
(65,5,'2:27.88','2023-01-13 20:11:34'),
(65,5,'2:37.28','2023-01-13 20:11:34'),
(77,10,'2:01.15','2023-01-13 20:11:34'),
(77,10,'1:57.86','2023-01-13 20:11:34'),
(77,10,'1:59.38','2023-01-13 20:11:34'),
(77,10,'1:57.94','2023-01-13 20:11:34'),
(77,10,'1:56.97','2023-01-13 20:11:34'),
(68,10,'1:20.59','2023-01-13 20:11:34'),
(68,10,'1:26.48','2023-01-13 20:11:34'),
(68,10,'1:24.15','2023-01-13 20:11:34'),
(68,10,'1:21.96','2023-01-13 20:11:34'),
(79,1,'1:02.13','2023-01-13 20:11:34'),
(79,1,'1:03.25','2023-01-13 20:11:34'),
(79,1,'1:04.16','2023-01-13 20:11:34'),
(79,1,'1:03.17','2023-01-13 20:11:34'),
(79,1,'1:04.84','2023-01-13 20:11:34'),
(79,1,'1:03.88','2023-01-13 20:11:34'),
(79,1,'1:04.87','2023-01-13 20:11:34'),
(66,10,'1:42.97','2023-01-13 20:11:34'),
(66,10,'1:43.31','2023-01-13 20:11:34'),
(66,10,'1:43.50','2023-01-13 20:11:34'),
(66,10,'1:40.34','2023-01-13 20:11:34'),
(73,10,'1:28.86','2023-01-13 20:11:34'),
(73,10,'1:29.90','2023-01-13 20:11:34'),
(73,10,'1:28.12','2023-01-13 20:11:34'),
(73,10,'1:28.67','2023-01-13 20:11:34'),
(79,2,'1:12.71','2023-01-13 20:11:34'),
(79,2,'1:19.87','2023-01-13 20:11:34'),
(79,2,'1:14.94','2023-01-13 20:11:34'),
(79,2,'1:11.53','2023-01-13 20:11:34'),
(79,2,'1:14.94','2023-01-13 20:11:34'),
(80,6,'2:29.06','2023-01-13 20:11:34'),
(80,6,'2:21.49','2023-01-13 20:11:34'),
(80,6,'2:24.13','2023-01-13 20:11:34'),
(80,6,'2:29.40','2023-01-13 20:11:34'),
(63,9,'3:03.84','2023-01-13 20:11:34'),
(63,9,'3:04.27','2023-01-13 20:11:34'),
(63,9,'3:01.49','2023-01-13 20:11:34'),
(63,9,'3:04.27','2023-01-13 20:11:34'),
(63,9,'2:52.44','2023-01-13 20:11:34'),
(81,1,'59.21','2023-01-13 20:11:34'),
(81,1,'59.27','2023-01-13 20:11:34'),
(81,1,'58.67','2023-01-13 20:11:34'),
(81,1,'59.72','2023-01-13 20:11:34'),
(81,1,'59.17','2023-01-13 20:11:34'),
(76,1,'1:13.86','2023-01-13 20:11:34'),
(76,1,'1:12.00','2023-01-13 20:11:34'),
(76,1,'1:14.69','2023-01-13 20:11:34'),
(76,1,'1:10.01','2023-01-13 20:11:34'),
(76,1,'1:12.24','2023-01-13 20:11:34'),
(76,1,'1:11.00','2023-01-13 20:11:34'),
(76,1,'1:11.20','2023-01-13 20:11:34'),
(76,1,'1:12.28','2023-01-13 20:11:34'),
(76,1,'1:15.46','2023-01-13 20:11:34'),
(76,1,'1:16.03','2023-01-13 20:11:34'),
(82,1,'1:21.08','2023-01-13 20:11:34'),
(82,1,'1:11.23','2023-01-13 20:11:34'),
(82,1,'1:12.46','2023-01-13 20:11:34'),
(82,1,'1:16.73','2023-01-13 20:11:34'),
(75,12,'40.11','2023-01-13 20:11:34'),
(75,12,'45.43','2023-01-13 20:11:34'),
(75,12,'50.17','2023-01-13 20:11:34'),
(75,12,'43.58','2023-01-13 20:11:34'),
(75,12,'52.61','2023-01-13 20:11:34'),
(75,8,'47.44','2023-01-13 20:11:34'),
(75,8,'52.32','2023-01-13 20:11:34'),
(75,8,'57.16','2023-01-13 20:11:34'),
(75,8,'56.77','2023-01-13 20:11:34'),
(75,4,'43.25','2023-01-13 20:11:34'),
(75,4,'47.35','2023-01-13 20:11:34'),
(75,4,'46.12','2023-01-13 20:11:34'),
(75,4,'45.69','2023-01-13 20:11:34'),
(82,2,'1:27.10','2023-01-13 20:11:34'),
(82,2,'1:26.21','2023-01-13 20:11:34'),
(82,2,'1:26.42','2023-01-13 20:11:34'),
(82,2,'1:35.79','2023-01-13 20:11:34'),
(82,2,'1:30.47','2023-01-13 20:11:34'),
(68,13,'2:54.14','2023-01-13 20:11:34'),
(68,13,'3:03.58','2023-01-13 20:11:34'),
(68,13,'3:02.43','2023-01-13 20:11:34'),
(68,13,'2:57.99','2023-01-13 20:11:34'),
(75,7,'38.94','2023-01-13 20:11:34'),
(75,7,'37.76','2023-01-13 20:11:34'),
(75,7,'41.83','2023-01-13 20:11:34'),
(75,7,'42.81','2023-01-13 20:11:34'),
(81,6,'2:35.46','2023-01-13 20:11:34'),
(81,6,'2:28.30','2023-01-13 20:11:34'),
(81,6,'2:35.35','2023-01-13 20:11:34'),
(81,6,'2:28.84','2023-01-13 20:11:34'),
(69,13,'3:27.51','2023-01-13 20:11:34'),
(69,13,'3:34.70','2023-01-13 20:11:34'),
(69,13,'3:27.15','2023-01-13 20:11:34'),
(69,13,'3:28.45','2023-01-13 20:11:34'),
(69,13,'3:34.79','2023-01-13 20:11:34'),
(69,13,'3:30.21','2023-01-13 20:11:34'),
(69,13,'3:33.74','2023-01-13 20:11:34'),
(78,4,'38.79','2023-01-13 20:11:34'),
(78,4,'39.03','2023-01-13 20:11:34'),
(78,4,'41.29','2023-01-13 20:11:34'),
(78,4,'39.66','2023-01-13 20:11:34'),
(78,4,'41.13','2023-01-13 20:11:34'),
(78,4,'38.57','2023-01-13 20:11:34'),
(78,4,'39.40','2023-01-13 20:11:34'),
(78,4,'41.06','2023-01-13 20:11:34'),
(78,4,'40.37','2023-01-13 20:11:34'),
(78,4,'43.05','2023-01-13 20:11:34'),
(78,4,'37.85','2023-01-13 20:11:34'),
(78,7,'35.78','2023-01-13 20:11:34'),
(78,7,'36.19','2023-01-13 20:11:34'),
(78,7,'36.89','2023-01-13 20:11:34'),
(78,7,'34.29','2023-01-13 20:11:34'),
(78,7,'34.18','2023-01-13 20:11:34'),
(78,7,'35.94','2023-01-13 20:11:34'),
(83,2,'1:29.78','2023-01-13 20:11:34'),
(83,2,'1:28.38','2023-01-13 20:11:34'),
(83,2,'1:25.03','2023-01-13 20:11:34'),
(83,2,'1:25.66','2023-01-13 20:11:34'),
(80,2,'1:11.34','2023-01-13 20:11:34'),
(80,2,'1:05.81','2023-01-13 20:11:34'),
(80,2,'1:05.75','2023-01-13 20:11:34'),
(80,2,'1:05.82','2023-01-13 20:11:34'),
(75,1,'1:20.81','2023-01-13 20:11:34'),
(75,1,'1:23.61','2023-01-13 20:11:34'),
(75,1,'1:24.80','2023-01-13 20:11:34'),
(75,1,'1:22.05','2023-01-13 20:11:34'),
(75,1,'1:22.58','2023-01-13 20:11:34'),
(75,1,'1:23.94','2023-01-13 20:11:34'),
(79,3,'1:11.49','2023-01-13 20:11:34'),
(79,3,'1:10.16','2023-01-13 20:11:34'),
(79,3,'1:12.59','2023-01-13 20:11:34'),
(79,3,'1:11.63','2023-01-13 20:11:34'),
(79,3,'1:09.43','2023-01-13 20:11:34'),
(69,10,'1:36.72','2023-01-13 20:11:34'),
(69,10,'1:34.78','2023-01-13 20:11:34'),
(69,10,'1:34.05','2023-01-13 20:11:34'),
(69,10,'1:32.78','2023-01-13 20:11:34'),
(69,10,'1:33.51','2023-01-13 20:11:34'),
(69,10,'1:33.29','2023-01-13 20:11:34'),
(69,10,'1:36.47','2023-01-13 20:11:34'),
(69,10,'1:31.82','2023-01-13 20:11:34'),
(75,2,'1:33.36','2023-01-13 20:11:34'),
(75,2,'1:31.52','2023-01-13 20:11:34'),
(75,2,'1:28.10','2023-01-13 20:11:34'),
(75,2,'1:33.37','2023-01-13 20:11:34'),
(75,2,'1:32.89','2023-01-13 20:11:34'),
(75,2,'1:33.38','2023-01-13 20:11:34'),
(75,2,'1:32.03','2023-01-13 20:11:34'),
(75,2,'1:32.71','2023-01-13 20:11:34'),
(63,2,'1:22.57','2023-01-20 21:18:25'),
(63,2,'1:29.64','2023-01-20 21:18:25'),
(63,2,'1:23.83','2023-01-20 21:18:25'),
(63,2,'1:20.39','2023-01-20 21:18:25'),
(64,1,'1:14.40','2023-01-20 21:18:25'),
(64,1,'1:15.57','2023-01-20 21:18:25'),
(64,1,'1:19.82','2023-01-20 21:18:25'),
(64,1,'1:12.90','2023-01-20 21:18:25'),
(70,7,'41.62','2023-01-20 21:18:25'),
(70,7,'40.49','2023-01-20 21:18:25'),
(70,7,'41.00','2023-01-20 21:18:25'),
(70,7,'45.75','2023-01-20 21:18:25'),
(66,2,'1:26.55','2023-01-20 21:18:25'),
(66,2,'1:39.79','2023-01-20 21:18:25'),
(66,2,'1:28.75','2023-01-20 21:18:25'),
(66,2,'1:32.37','2023-01-20 21:18:25'),
(66,2,'1:31.59','2023-01-20 21:18:25'),
(84,4,'40.89','2023-01-20 21:18:25'),
(84,4,'41.50','2023-01-20 21:18:25'),
(84,4,'42.35','2023-01-20 21:18:25'),
(84,4,'40.53','2023-01-20 21:18:25'),
(84,4,'40.89','2023-01-20 21:18:25'),
(84,4,'42.14','2023-01-20 21:18:25'),
(84,4,'43.58','2023-01-20 21:18:25'),
(84,4,'39.85','2023-01-20 21:18:25'),
(84,4,'43.35','2023-01-20 21:18:25'),
(84,4,'39.18','2023-01-20 21:18:25'),
(63,10,'1:30.24','2023-01-20 21:18:25'),
(63,10,'1:33.05','2023-01-20 21:18:25'),
(63,10,'1:33.05','2023-01-20 21:18:25'),
(63,10,'1:32.73','2023-01-20 21:18:25'),
(63,10,'1:30.81','2023-01-20 21:18:25'),
(63,10,'1:33.18','2023-01-20 21:18:25'),
(63,10,'1:31.74','2023-01-20 21:18:25'),
(63,10,'1:31.53','2023-01-20 21:18:25'),
(84,7,'39.42','2023-01-20 21:18:25'),
(84,7,'36.13','2023-01-20 21:18:25'),
(84,7,'37.66','2023-01-20 21:18:25'),
(84,7,'39.07','2023-01-20 21:18:25'),
(75,10,'1:54.65','2023-01-20 21:18:25'),
(75,10,'1:51.03','2023-01-20 21:18:25'),
(75,10,'1:47.12','2023-01-20 21:18:25'),
(75,10,'1:50.10','2023-01-20 21:18:25'),
(63,3,'1:23.22','2023-01-20 21:18:25'),
(63,3,'1:21.07','2023-01-20 21:18:25'),
(63,3,'1:27.95','2023-01-20 21:18:25'),
(63,3,'1:27.95','2023-01-20 21:18:25'),
(63,3,'1:28.30','2023-01-20 21:18:25'),
(63,3,'1:30.96','2023-01-20 21:18:25'),
(79,1,'1:02.13','2023-01-20 21:18:25'),
(79,1,'1:03.17','2023-01-20 21:18:25'),
(79,1,'1:04.84','2023-01-20 21:18:25'),
(79,1,'1:03.88','2023-01-20 21:18:25'),
(79,1,'1:04.87','2023-01-20 21:18:25'),
(79,1,'1:04.16','2023-01-20 21:18:25'),
(79,1,'1:03.25','2023-01-20 21:18:25'),
(66,10,'1:42.97','2023-01-20 21:18:25'),
(66,10,'1:43.31','2023-01-20 21:18:25'),
(66,10,'1:40.34','2023-01-20 21:18:25'),
(66,10,'1:43.50','2023-01-20 21:18:25'),
(79,2,'1:19.87','2023-01-20 21:18:25'),
(79,2,'1:11.53','2023-01-20 21:18:25'),
(79,2,'1:14.94','2023-01-20 21:18:25'),
(79,2,'1:12.71','2023-01-20 21:18:25'),
(79,2,'1:14.94','2023-01-20 21:18:25'),
(75,14,'1:35.96','2023-01-20 21:18:25'),
(75,14,'1:31.58','2023-01-20 21:18:25'),
(75,14,'1:32.96','2023-01-20 21:18:25'),
(75,14,'1:35.82','2023-01-20 21:18:25'),
(63,9,'2:52.44','2023-01-20 21:18:25'),
(63,9,'3:01.49','2023-01-20 21:18:25'),
(63,9,'3:04.27','2023-01-20 21:18:25'),
(63,9,'3:04.27','2023-01-20 21:18:25'),
(63,9,'3:03.84','2023-01-20 21:18:25'),
(81,1,'58.67','2023-01-20 21:18:25'),
(81,1,'59.72','2023-01-20 21:18:25'),
(81,1,'59.21','2023-01-20 21:18:25'),
(81,1,'59.27','2023-01-20 21:18:25'),
(81,1,'59.17','2023-01-20 21:18:25'),
(75,12,'52.61','2023-01-20 21:18:25'),
(75,12,'40.11','2023-01-20 21:18:25'),
(75,12,'43.58','2023-01-20 21:18:25'),
(75,12,'50.17','2023-01-20 21:18:25'),
(75,12,'45.43','2023-01-20 21:18:25'),
(75,8,'56.77','2023-01-20 21:18:25'),
(75,8,'57.16','2023-01-20 21:18:25'),
(75,8,'47.44','2023-01-20 21:18:25'),
(75,8,'52.32','2023-01-20 21:18:25'),
(75,4,'46.12','2023-01-20 21:18:25'),
(75,4,'47.35','2023-01-20 21:18:25'),
(75,4,'43.25','2023-01-20 21:18:25'),
(75,4,'45.69','2023-01-20 21:18:25'),
(75,7,'37.76','2023-01-20 21:18:25'),
(75,7,'38.94','2023-01-20 21:18:25'),
(75,7,'41.83','2023-01-20 21:18:25'),
(75,7,'42.81','2023-01-20 21:18:25'),
(81,6,'2:35.46','2023-01-20 21:18:25'),
(81,6,'2:28.30','2023-01-20 21:18:25'),
(81,6,'2:28.84','2023-01-20 21:18:25'),
(81,6,'2:35.35','2023-01-20 21:18:25'),
(84,8,'47.76','2023-01-20 21:18:25'),
(84,8,'46.19','2023-01-20 21:18:25'),
(84,8,'49.28','2023-01-20 21:18:25'),
(84,8,'45.71','2023-01-20 21:18:25'),
(84,8,'48.08','2023-01-20 21:18:25'),
(84,8,'53.17','2023-01-20 21:18:25'),
(84,8,'48.83','2023-01-20 21:18:25'),
(84,8,'52.85','2023-01-20 21:18:25'),
(84,8,'47.76','2023-01-20 21:18:25'),
(84,8,'45.76','2023-01-20 21:18:25'),
(75,1,'1:24.80','2023-01-20 21:18:25'),
(75,1,'1:20.81','2023-01-20 21:18:25'),
(75,1,'1:23.61','2023-01-20 21:18:25'),
(75,1,'1:23.94','2023-01-20 21:18:25'),
(75,1,'1:22.05','2023-01-20 21:18:25'),
(75,1,'1:22.58','2023-01-20 21:18:25'),
(79,3,'1:12.59','2023-01-20 21:18:25'),
(79,3,'1:11.63','2023-01-20 21:18:25'),
(79,3,'1:09.43','2023-01-20 21:18:25'),
(79,3,'1:10.16','2023-01-20 21:18:25'),
(79,3,'1:11.49','2023-01-20 21:18:25'),
(75,2,'1:32.71','2023-01-20 21:18:25'),
(75,2,'1:28.10','2023-01-20 21:18:25'),
(75,2,'1:33.36','2023-01-20 21:18:25'),
(75,2,'1:32.89','2023-01-20 21:18:25'),
(75,2,'1:33.37','2023-01-20 21:18:25'),
(75,2,'1:31.52','2023-01-20 21:18:25'),
(75,2,'1:33.38','2023-01-20 21:18:25'),
(75,2,'1:32.03','2023-01-20 21:18:25');
/*!40000 ALTER TABLE `times` ENABLE KEYS */;
UNLOCK TABLES;
/*!40103 SET TIME_ZONE=@OLD_TIME_ZONE */;

/*!40101 SET SQL_MODE=@OLD_SQL_MODE */;
/*!40014 SET FOREIGN_KEY_CHECKS=@OLD_FOREIGN_KEY_CHECKS */;
/*!40014 SET UNIQUE_CHECKS=@OLD_UNIQUE_CHECKS */;
/*!40101 SET CHARACTER_SET_CLIENT=@OLD_CHARACTER_SET_CLIENT */;
/*!40101 SET CHARACTER_SET_RESULTS=@OLD_CHARACTER_SET_RESULTS */;
/*!40101 SET COLLATION_CONNECTION=@OLD_COLLATION_CONNECTION */;
/*!40111 SET SQL_NOTES=@OLD_SQL_NOTES */;

-- Dump completed on 2023-01-29 19:46:53
